sku,image_number,original_url,status,new_url_or_error
CEHPPRO4050MDPK,1,https://shop.bestsublimation24.eu/hpeciai/122acf5cde8aafc498adb7d925fb0aac/pol_il_Prasa-plaska-Auto-Drawer-Craft-Express-40-x-50-cm-Pink-8216.jpg,mirrored,https://mne2.ru/catalog/images/external/CEHPPRO4050MDPK_01.jpg
CEHPPRO4060MDPK,1,https://shop.bestsublimation24.eu/hpeciai/ed5ec9b29baa775bea841ad8314e751a/spa_pl_Prensa-plana-Auto-Cajon-Craft-Express-40-x-60-cm-Rosa-8218_4.jpg,mirrored,https://mne2.ru/catalog/images/external/CEHPPRO4060MDPK_01.jpg
HT-1220P-T2B,1,https://www.avito.ru/autoload/1/items-to-feed/images?imageSlug=/image/1/1.VyICYbaw-8s01nnGIFwWEATB-cuyyPPBtA.cuM2JAwt6hILz7oaRATk3C_I0d776inUx7psjGtdj5Y,failed,HTTP Error 429: Too Many Requests
HT-1232-T2B,1,https://www.avito.ru/autoload/1/items-to-feed/images?imageSlug=/image/1/1.reCXaLawAQmh34MEwVrr0pHIAwknwQkDIQ.rhJCnJOf7PoRXlv5z7IG-ziNiv3mzknF6lT0bJGRBWY,failed,HTTP Error 429: Too Many Requests
HT-1720P-T2B,1,https://lps.com.ua/image/catalog/products/ht-1720pt2b-%281000h1000%29.jpg,mirrored,https://mne2.ru/catalog/images/external/HT-1720P-T2B_01.jpg
HT-1732-T2B,1,https://www.avito.ru/autoload/1/items-to-feed/images?imageSlug=/image/1/1.oNyux7awDDWYcI444uHB4ahnDjUebgQ_GA.LujScCKqekaypawrpWqbS-X400Xd0Ei8TWsG77FEOzk,failed,HTTP Error 429: Too Many Requests
HT-1732B2T,1,https://www.avito.ru/autoload/1/items-to-feed/images?imageSlug=/image/1/1.NvBkw7awmhlSdBgUBN8P1WJjmBnUapIT0g._75D_FZ1rF0OzKHqsWSDoA5pDhLkhDa0il3uDDMRAPg,failed,HTTP Error 429: Too Many Requests
HT-1742-T2B,1,https://www.avito.ru/autoload/1/items-to-feed/images?imageSlug=/image/1/1.DrPXLLawolrhmyBXxxgTj9GMoFpnhapQYQ.vwfG7vSLqFnv36KKWXO0wpyr8YmYGtzLtihn8PUJfxU,failed,HTTP Error 429: Too Many Requests
HT-1860B2T,1,https://www.avito.ru/autoload/1/items-to-feed/images?imageSlug=/image/1/1.douZI7aw2mKvlFhv-XZtrZ-D2GIpitJoLw.PCEOoa6IxHu44ZULrV__qUkbNJqZthhpthHp41ek6Gc,failed,HTTP Error 429: Too Many Requests
HT-2042-T2B,1,https://www.avito.ru/autoload/1/items-to-feed/images?imageSlug=/image/1/1.8q2ubrawXkSY2dxJxmnzkajOXEQex1ZOGA.fD0SmjyrfclinllfhQTy0diR5hL3H3XDvc1qPucZYoc,failed,HTTP Error 429: Too Many Requests
HT-2042B2T,1,https://www.avito.ru/autoload/1/items-to-feed/images?imageSlug=/image/1/1.Eu23C7awvgSBvDwJn18hyLGrvAQHorYOAQ._65cQj5r8oshNq5mEhLZO0EoykxXmcUHqzpMt3pi4Jo,failed,HTTP Error 429: Too Many Requests
HT-3342B2T,1,https://www.avito.ru/autoload/1/items-to-feed/images?imageSlug=/image/1/1.scirE7awHSGdpJ8sxSnn6K2zHyEbuhUrHQ.oR8qqmUzCFqHlOqt-NFwrz8mY7yHfIKblqY8JY_qvGs,failed,HTTP Error 429: Too Many Requests
JC-26CB-B12-01,1,https://www.jcheatpress.com/Content/uploads/2024280323/2024080114231043bb2c868fe14afcad97674de662fcde.jpg,mirrored,https://mne2.ru/catalog/images/external/JC-26CB-B12-01_01.webp
JC-26CB-B12-01,2,https://www.jcheatpress.com/Content/uploads/2024280323/2024080114231013645edb316f4a7ba2bbd1324f32a7d8.jpg,mirrored,https://mne2.ru/catalog/images/external/JC-26CB-B12-01_02.webp
JC-26CB-B12-01,3,https://www.jcheatpress.com/Content/uploads/2024280323/2024080114231057adb318746e40d0addc11ce4e9cac05.jpg,mirrored,https://mne2.ru/catalog/images/external/JC-26CB-B12-01_03.webp
JC-26CB-B12-01,4,https://www.jcheatpress.com/Content/uploads/2024280323/202408011423111299e82986514cdfb742e4c1e467cc94.jpg,mirrored,https://mne2.ru/catalog/images/external/JC-26CB-B12-01_04.webp
JC-26CB-B12-01,5,https://www.jcheatpress.com/Content/uploads/2024280323/202408011423121f7812d9f9ef4c178aaa24f9e66330cf.jpg,mirrored,https://mne2.ru/catalog/images/external/JC-26CB-B12-01_05.webp
JC-26CB-B12-01,6,https://www.jcheatpress.com/Content/uploads/2024280323/2024080114231249f4b557701a4aa0a5f354cba933734a.jpg,mirrored,https://mne2.ru/catalog/images/external/JC-26CB-B12-01_06.webp
JC-26CB-B12-02,1,https://www.jcheatpress.com/Content/uploads/2024280323/2024080114231043bb2c868fe14afcad97674de662fcde.jpg,mirrored,https://mne2.ru/catalog/images/external/JC-26CB-B12-02_01.webp
JC-26CB-B12-02,2,https://www.jcheatpress.com/Content/uploads/2024280323/2024080114231013645edb316f4a7ba2bbd1324f32a7d8.jpg,mirrored,https://mne2.ru/catalog/images/external/JC-26CB-B12-02_02.webp
JC-26CB-B12-02,3,https://www.jcheatpress.com/Content/uploads/2024280323/2024080114231057adb318746e40d0addc11ce4e9cac05.jpg,mirrored,https://mne2.ru/catalog/images/external/JC-26CB-B12-02_03.webp
JC-26CB-B12-02,4,https://www.jcheatpress.com/Content/uploads/2024280323/202408011423111299e82986514cdfb742e4c1e467cc94.jpg,mirrored,https://mne2.ru/catalog/images/external/JC-26CB-B12-02_04.webp
JC-26CB-B12-02,5,https://www.jcheatpress.com/Content/uploads/2024280323/202408011423121f7812d9f9ef4c178aaa24f9e66330cf.jpg,mirrored,https://mne2.ru/catalog/images/external/JC-26CB-B12-02_05.webp
JC-26CB-B12-02,6,https://www.jcheatpress.com/Content/uploads/2024280323/2024080114231249f4b557701a4aa0a5f354cba933734a.jpg,mirrored,https://mne2.ru/catalog/images/external/JC-26CB-B12-02_06.webp
BU-1400D-Hot,1,https://www.avito.ru/autoload/1/items-to-feed/images?imageSlug=/image/1/1.-706oLawV1QMF9VZQKfJmDwAVVSKCV9ejA.x7PjbS45jCDHlb3oEFRMSbm-cxCrBsL4lifA_clVmVY,failed,HTTP Error 429: Too Many Requests
BU-1400D-Warm,1,https://www.avito.ru/autoload/1/items-to-feed/images?imageSlug=/image/1/1.T_3cY7aw4xTq1GEZzmJx2drD4RRsyuseag.Gmy-ndKmV-r-maChgOMTjBcKeDVXOjoNfUTrj6f5uXg,failed,HTTP Error 429: Too Many Requests
BU-1400E-Cold,1,https://www.avito.ru/autoload/1/items-to-feed/images?imageSlug=/image/1/1.oLiusLawDFGYB45c4tatmKgQDlEeGQRbGA.tvJCf6r9mKH3lp6P96gARxW_6zFgOkvyRBmjtVN3PFQ,failed,HTTP Error 429: Too Many Requests
BU-1400E-Warm,1,https://www.avito.ru/autoload/1/items-to-feed/images?imageSlug=/image/1/1.wleworawbr6GFeyzuPX7crYCbL4AC2a0Bg.2ZAOVooViFYhSlijY_Ggbs26-vcQtwlrX_C0wRSI9XY,failed,HTTP Error 429: Too Many Requests
BU-1400H-Hot,1,https://www.avito.ru/autoload/1/items-to-feed/images?imageSlug=/image/1/1.XGtwAraw8IJGtXKPRHc2THai8oLAq_iIxg.lJuECSdIezZhNhTfUjc2dqu6-56y3dK52D1VRDwhtA0,failed,HTTP Error 429: Too Many Requests
BU-1400H-Warm,1,https://www.avito.ru/autoload/1/items-to-feed/images?imageSlug=/image/1/1.0Oe7-7awfA6NTP4Dl_i2wL1bfg4LUnQEDQ.UfYA1U25_5pc3j4wCAqtcJ_yM9qaEANhqdU8enxn9w0,failed,HTTP Error 429: Too Many Requests
BU-1400II-Cold,1,https://www.avito.ru/autoload/1/items-to-feed/images?imageSlug=/image/1/1.EHOwArawvJqGtT6XnE4jVraivpoAq7SQBg.e9szzbCnk6t97hv6CNyi4QBiEk6RkRsmO5M08-IZj4Q,failed,HTTP Error 429: Too Many Requests
BU-1400II-Warm,1,https://www.avito.ru/autoload/1/items-to-feed/images?imageSlug=/image/1/1.c-2l77aw3wSTWF0Jz9IQyqNP3QQVRtcOEw.oDVc0H_Gw7EBgF_UNXkV9NVcOl1upW50jWmf6p-lE4k,failed,HTTP Error 429: Too Many Requests
BU-1425FA,1,https://www.avito.ru/autoload/1/items-to-feed/images?imageSlug=/image/1/1.mLUu-7awNFwYTLZREqmshihbNlyeUjxWmA.lTvrgaYz1MxZHbIIQrB8vuACCGAKxvqcXAUfixEqeF0,failed,HTTP Error 429: Too Many Requests
BU-1440FA,1,https://www.avito.ru/autoload/1/items-to-feed/images?imageSlug=/image/1/1.CVsCx7awpbI0cCe_HLcoaQRnp7Kybq24tA.YGmTcQeFJ2TC9Bhgy3uMXeXuw0s9Mbf0NFIESPdzCcM,failed,HTTP Error 429: Too Many Requests
BU-1600D-Warm,1,https://www.avito.ru/autoload/1/items-to-feed/images?imageSlug=/image/1/1.ep20Wbaw1nSC7lR5zBBgu7L51HQE8N5-Ag.j70dMyRunWgCYGnS-csodywi-cd3sZhri1id1h5QTlE,failed,HTTP Error 429: Too Many Requests
BU-1600H-Hot,1,https://www.avito.ru/autoload/1/items-to-feed/images?imageSlug=/image/1/1.Dci3ILawoSGBlyMsoWRp77GAoyEHiakrAQ.f_whFzs_LUts9Owc89tJOx5NlO_t66U3yXkm4YMxQF8,failed,HTTP Error 429: Too Many Requests
BU-1600H-Warm,1,https://www.avito.ru/autoload/1/items-to-feed/images?imageSlug=/image/1/1.onuwoLawDpKGF4yf-PaNXLYADJIACQaYBg.L9OtshoHxsRPZfcbxPgk-vPxw429Y-hccpyMy0OHwDQ,failed,HTTP Error 429: Too Many Requests
BU-1600WL,1,https://www.avito.ru/autoload/1/items-to-feed/images?imageSlug=/image/1/1.cc0AE7aw3SQ2pF8pbnJ97Qaz3ySwutUutg.EWWFif2B7EwPBWDgxSm7oLecgQnHldL8H2K5FIU87uI,failed,HTTP Error 429: Too Many Requests
BU-1640FA,1,https://www.avito.ru/autoload/1/items-to-feed/images?imageSlug=/image/1/1.zyl_cbawY8BJxuHNbQKPG3nRYcDP2GvKyQ.u3kz9MVigP3EMMTmfFKjyANx2Ma6fUjg3a9rqwkZ-0E,failed,HTTP Error 429: Too Many Requests
BU-1700D-Hot,1,https://www.avito.ru/autoload/1/items-to-feed/images?imageSlug=/image/1/1.xFZ_I7awaL9JlOqyezzYcHmDar_PimC1yQ.LPWs2aOk9yfHviV6iBQK5QaomiQcIR9J4-DShLfcFaA,failed,HTTP Error 429: Too Many Requests
BU-1700D-Warm,1,https://www.avito.ru/autoload/1/items-to-feed/images?imageSlug=/image/1/1.vGI2ZbawEIsA0pKGQjvWRTDFEouGzBiBgA.S8T_SzKuuEfy3mnd6PFgrXqLSJ9lVkAJOwI7SGJbyqE,failed,HTTP Error 429: Too Many Requests
BU-1700E-Cold,1,https://www.avito.ru/autoload/1/items-to-feed/images?imageSlug=/image/1/1.yOBMO7awZAl6jOYEUETQxkqbZgn8kmwD-g.jTODtB7jhqEVDq9z5AeAZ6oKPw_vkV-es00EOUarjVI,failed,HTTP Error 429: Too Many Requests
BU-1700E-Warm,1,https://www.avito.ru/autoload/1/items-to-feed/images?imageSlug=/image/1/1.-SWGgLawVcywN9fB-KeiBYAgV8w2KV3GMA._ufvJAThz6r6rrHVXL5-Hv4i6Of_Dxu4ZmVkROXYQ00,failed,HTTP Error 429: Too Many Requests
BU-1700H-Hot,1,https://www.avito.ru/autoload/1/items-to-feed/images?imageSlug=/image/1/1.jtuLw7awIjK9dKA_m-Ho_I1jIDI7aio4PQ.4ShyKL9QqUTb51Kc9UYNt5CowuHfz_9Ak-a56heAxw4,failed,HTTP Error 429: Too Many Requests
BU-1700H-Warm,1,https://www.avito.ru/autoload/1/items-to-feed/images?imageSlug=/image/1/1.ewe11baw1-6DYlXjz9xBIrN11e4FfN_kAw.oU1yqoqBdu7KkZ9GlFhjOVCeXBOY41GOso8DevIXPrE,failed,HTTP Error 429: Too Many Requests
BU-1700II-Cold,1,https://www.avito.ru/autoload/1/items-to-feed/images?imageSlug=/image/1/1.NsQbw7awmi0tdBgge6Ms4h1jmC2rapInrQ.Rs8vCnxaWHwrV_wS8xyrQdqrni5VOgrUFMgXAAnSMyI,failed,HTTP Error 429: Too Many Requests
BU-1700II-Warm,1,https://www.avito.ru/autoload/1/items-to-feed/images?imageSlug=/image/1/1.2VuhZbawdbKX0ve_nwbCfafFd7IRzH24Fw.uN1U-aWYfKMsSIxf-JnpMg3iXjFBYQ4_uYiAtf_lEDw,failed,HTTP Error 429: Too Many Requests
BU-2040II,1,https://www.avito.ru/autoload/1/items-to-feed/images?imageSlug=/image/1/1.g2ezVLawL46F462DuXKZQbX0LY4D_SeEBQ.YmCFeKxHiSnjq6CPzrvbWRLAa-Cf9cR8zcQSPkrrS9E,failed,HTTP Error 429: Too Many Requests
BU-2200WL,1,https://www.avito.ru/autoload/1/items-to-feed/images?imageSlug=/image/1/1.PousDLawkmKauxBv3GQMrqqskGIcpZpoGg.RLH0FQNllBzhPfOYVBHJnRnCy4W1VFZITeiPm0ys4Wo,failed,HTTP Error 429: Too Many Requests
BU-3300WL,1,https://www.avito.ru/autoload/1/items-to-feed/images?imageSlug=/image/1/1.HtuYw7awsjKudDA_qK94_J5jsDIoaro4Lg.a62UDqMlyDph483cjcvudjtrloRUHtxjT95Rx3Iybzo,failed,HTTP Error 429: Too Many Requests
BU-360RF,1,https://www.avito.ru/autoload/1/items-to-feed/images?imageSlug=/image/1/1._2d4Y7awU45O1NGDCiirR37DUY7IyluEzg.0UtBlLGE0jx5S-OF3usX_6GRul2FWZAi-evShk9KMs4,failed,HTTP Error 429: Too Many Requests
BU-650II-PLUS,1,https://www.avito.ru/autoload/1/items-to-feed/images?imageSlug=/image/1/1.5yiqjbawS8GcOsnM6IbwFKwtScEaJEPLHA.eeagWzpPyo70i0wWN67_pKyP5Br0HLqMVgKKYvVTGHI,failed,HTTP Error 429: Too Many Requests
BU-650RF,1,https://www.avito.ru/autoload/1/items-to-feed/images?imageSlug=/image/1/1.i_h6kbawJxFMJqUcYL_oxXwxJRHKOC8bzA.Qaus-w2SB2ALcvwmUzCO3fnqx1f012Bi2oqX09Majig,failed,HTTP Error 429: Too Many Requests
Lite-140Ce,1,https://www.avito.ru/autoload/1/items-to-feed/images?imageSlug=/image/1/1.zGsELrawYIIymeKPEHXOTQKOYoK0h2iIsg.Sil3nPF5E2TMd27XBtWXVBpDDXIQNGEv7SfNP4Bjchs,failed,HTTP Error 429: Too Many Requests
Lite-140He,1,https://www.avito.ru/autoload/1/items-to-feed/images?imageSlug=/image/1/1.s-5dz7awHwdreJ0KN_WuyFtvHQftZhcN6w.gs2WxQ1iefCAZ4HdHVsQWMHSEK2mfVAnwGaQR1b1JQA,failed,HTTP Error 429: Too Many Requests
Lite-140Hp,1,https://www.avito.ru/autoload/1/items-to-feed/images?imageSlug=/image/1/1.gg20QbawLuSC9qzpvC-UK7LhLOQE6CbuAg.fQkCdSy3RPmAqNKCgBwADsi0ARXUDZ62ytd2C_lL-J8,failed,HTTP Error 429: Too Many Requests
Lite-140We,1,https://www.avito.ru/autoload/1/items-to-feed/images?imageSlug=/image/1/1.fbi3Iraw0VGBlVNcwV8bn7GC01EHi9lbAQ.ZnAscbUjw8MP2nbKqFRFU0h3Kp6ZEOpUMmiZ_HL4yqw,failed,HTTP Error 429: Too Many Requests
Lite-170Ce,1,https://www.avito.ru/autoload/1/items-to-feed/images?imageSlug=/image/1/1.U6daoLaw_05sF31DcOlnglwA_U7qCfdE7A.em1GlzOgkVOz7YqkU0N_9yKufjCoawKK52P905PPcLM,failed,HTTP Error 429: Too Many Requests
Lite-170Cp,1,https://www.avito.ru/autoload/1/items-to-feed/images?imageSlug=/image/1/1.dyvUe7aw28LizFnPth4bDNLb2cJk0tPIYg.6d1cRDg854YuoZyPP4pSrHEvgemV4RcLufcTJUQnaMg,failed,HTTP Error 429: Too Many Requests
Lite-170Hp,1,https://www.avito.ru/autoload/1/items-to-feed/images?imageSlug=/image/1/1.lvaew7awOh-odLgSvrWY05hjOB8uajIVKA.eK-wSTwl-BBg8SC2tNCihHACSYDPGmxAbabsv89iLaE,failed,HTTP Error 429: Too Many Requests
Lite-170We,1,https://www.avito.ru/autoload/1/items-to-feed/images?imageSlug=/image/1/1.5ouaX7awSmKs6Mhv2njmrZz_SGIq9kJoLA.9tBC0aLprbs5jLcg4UlnQscr6koGtHDetZ8UFuDhXCY,failed,HTTP Error 429: Too Many Requests
Lite-170Wp,1,https://www.avito.ru/autoload/1/items-to-feed/images?imageSlug=/image/1/1.v3F2lrawE5hAIZGVBPSOVHA2EZjGPxuSwA.AvNUtUxCQOkDn_dOgpUMVd2jEszRKiliQquqAK0WezU,failed,HTTP Error 429: Too Many Requests
Mate-140W,1,https://www.avito.ru/autoload/1/items-to-feed/images?imageSlug=/image/1/1.AuiqVbawrgGc4iwMoj1rz6z1rAEa_KYLHA.uTWUzbiDM0udftxPFAWf7L47dKST4eb438WD8zxgIHA,failed,HTTP Error 429: Too Many Requests
Mate-160W,1,https://www.avito.ru/autoload/1/items-to-feed/images?imageSlug=/image/1/1.XyvvRbaw88LZ8nHP3VxfDenl8cJf7PvIWQ.9iHPEC0FGjVla9JsuKnebnWB_pfWy_S6P4kgDPGo3YE,failed,HTTP Error 429: Too Many Requests
Mate-170W,1,https://www.avito.ru/autoload/1/items-to-feed/images?imageSlug=/image/1/1.6-e33LawRw6Ba8UD7evTw7F8RQ4HdU8EAQ.NHNFf03xJtN4JZmLEma0pRXGRcxxI8C-0Nxrq-xHGQM,failed,HTTP Error 429: Too Many Requests
JC-27A-B36-01,1,https://ueeshop.ly200-cdn.com/u_file/UPAY/UPAY489/2306/products/28/c2eab330d9.jpg,mirrored,https://mne2.ru/catalog/images/external/JC-27A-B36-01_01.jpg
JC-27A-B36-01,2,https://ueeshop.ly200-cdn.com/u_file/UPAY/UPAY489/2306/products/28/114595a293.jpg,mirrored,https://mne2.ru/catalog/images/external/JC-27A-B36-01_02.jpg
JC-27A-B36-01,3,https://ueeshop.ly200-cdn.com/u_file/UPAY/UPAY489/2306/products/28/7c5acfd54f.jpg,mirrored,https://mne2.ru/catalog/images/external/JC-27A-B36-01_03.jpg
JC-27A-B36-01,4,https://ueeshop.ly200-cdn.com/u_file/UPAY/UPAY489/2306/products/28/29ee931da5.jpg,mirrored,https://mne2.ru/catalog/images/external/JC-27A-B36-01_04.jpg
JC-27A-B36-01,5,https://ueeshop.ly200-cdn.com/u_file/UPAY/UPAY489/2306/products/28/1ce2c94a1a.jpg,mirrored,https://mne2.ru/catalog/images/external/JC-27A-B36-01_05.jpg
JC-27A-B36-01,6,https://ueeshop.ly200-cdn.com/u_file/UPAY/UPAY489/2306/photo/d6a7f5d3c3.jpg,mirrored,https://mne2.ru/catalog/images/external/JC-27A-B36-01_06.jpg
-,1,https://www.avito.ru/autoload/1/items-to-feed/images?imageSlug=/image/1/1.u-YO87awFw84RJUCdKXInglTFQ--Wh8FuA.0AAt51lNjW7D6cwQxtpC7VpTbuG361MqKS_6NU0n77o,failed,HTTP Error 429: Too Many Requests
8407158950,1,https://www.avito.ru/autoload/1/items-to-feed/images?imageSlug=/image/1/1.PoahAbawkm-XthBi0V1k86ahkG8RqJplFw.PPB_4M3BFLjktuBnRq85StKLqK3Mp7k3Yb2Uk1BBBt4,failed,HTTP Error 429: Too Many Requests
8407158950-5040,1,https://www.avito.ru/autoload/1/items-to-feed/images?imageSlug=/image/1/1.uVzPA7awFbX5tJe4sVHEF8ijF7V_qh2_eQ.fLhFunjS_DWThAJqj9074LRra2PJ_t-4FtOYCj1eI_8,failed,HTTP Error 429: Too Many Requests
8407158950-6040,1,https://www.avito.ru/autoload/1/items-to-feed/images?imageSlug=/image/1/1.KXCB1LawhZm3YweU39g3OoZ0h5kxfY2TNw.jc4tVHs1vFsANItA9ZIK7WDHqWL-D66kR5Fw8AS6kHk,failed,HTTP Error 429: Too Many Requests
JC-5C-B20-01,1,https://ueeshop.ly200-cdn.com/u_file/UPAY/UPAY489/2306/products/27/201eb99b69.jpg,mirrored,https://mne2.ru/catalog/images/external/JC-5C-B20-01_01.jpg
JC-5C-B20-01,2,https://s.alicdn.com/%40sc04/kf/H1ac7a4449e4b4fad821b8a3300e9cb82L/Auto-Open-Press-Heat-Transfer-Machine-With-Magnetic-Aluminum-Plate-40x60.jpg,mirrored,https://mne2.ru/catalog/images/external/JC-5C-B20-01_02.jpg
JC-5C-B20-02,1,https://ueeshop.ly200-cdn.com/u_file/UPAY/UPAY489/2306/products/27/201eb99b69.jpg,mirrored,https://mne2.ru/catalog/images/external/JC-5C-B20-02_01.jpg
JC-5C-B20-02,2,https://s.alicdn.com/%40sc04/kf/H1ac7a4449e4b4fad821b8a3300e9cb82L/Auto-Open-Press-Heat-Transfer-Machine-With-Magnetic-Aluminum-Plate-40x60.jpg,mirrored,https://mne2.ru/catalog/images/external/JC-5C-B20-02_02.jpg
JC-7BB-B29-01,1,https://ueeshop.ly200-cdn.com/u_file/UPAY/UPAY489/2306/products/28/045ead1c12.jpg,mirrored,https://mne2.ru/catalog/images/external/JC-7BB-B29-01_01.jpg
JC-7BB-B29-01,2,https://ueeshop.ly200-cdn.com/u_file/UPAY/UPAY489/2306/products/28/8c9a5667b9.jpg,mirrored,https://mne2.ru/catalog/images/external/JC-7BB-B29-01_02.jpg
JC-7BB-B29-01,3,https://ueeshop.ly200-cdn.com/u_file/UPAY/UPAY489/2306/products/28/8730023e58.jpg,mirrored,https://mne2.ru/catalog/images/external/JC-7BB-B29-01_03.jpg
JC-7BB-B29-01,4,https://ueeshop.ly200-cdn.com/u_file/UPAY/UPAY489/2306/products/28/d1af2911d8.jpg,mirrored,https://mne2.ru/catalog/images/external/JC-7BB-B29-01_04.jpg
JC-7BB-B29-01,5,https://ueeshop.ly200-cdn.com/u_file/UPAY/UPAY489/2306/products/28/c0f4dd8a56.jpg,mirrored,https://mne2.ru/catalog/images/external/JC-7BB-B29-01_05.jpg
8381049616,1,https://www.avito.ru/autoload/1/items-to-feed/images?imageSlug=/image/1/1.TY3t1Law4WTbY2Np-61Mx-p042RdfeluWw.Vx-ldIfBcvf2gpi-01VU1Wx1Y0vPYjG0S2sWOCWElpA,failed,HTTP Error 429: Too Many Requests
JC-1D-B69-05,1,https://ueeshop.ly200-cdn.com/u_file/UPAY/UPAY489/2306/products/30/81a81aecc6.jpg.500x500.jpg,mirrored,https://mne2.ru/catalog/images/external/JC-1D-B69-05_01.jpg
JC-7E-B54-04,6,https://ueeshop.ly200-cdn.com/u_file/UPAY/UPAY489/2306/photo/19397a3087.jpg,mirrored,https://mne2.ru/catalog/images/external/JC-7E-B54-04_06.jpg
8407158950-8060,1,https://www.avito.ru/autoload/1/items-to-feed/images?imageSlug=/image/1/1.jIirF7awIGGdoKJsv12t_ay3ImEbvihrHQ.pYfktmxcGXIKZbIzjEVWI8IkQnnArYtdc8AqCTLdhR4,failed,HTTP Error 429: Too Many Requests
8407158950-9060,1,https://www.avito.ru/autoload/1/items-to-feed/images?imageSlug=/image/1/1.0juIBbawftK-svzfoHqqT4-lfNI4rHbYPg.BFJkqwwlFwGel-kiSOualXpm1ZfgGDsyNBqTl-ZfxzU,failed,HTTP Error 429: Too Many Requests
8407158950-9070,1,https://www.avito.ru/autoload/1/items-to-feed/images?imageSlug=/image/1/1.cWlhFbaw3YBXol-ND3w7HWa134DRvNWK1w.GHnQgRv1SRzoDlCsDvZlYnOyCn8ubQWbdurSEvI-lIQ,failed,HTTP Error 429: Too Many Requests
8435316493,1,https://www.avito.ru/autoload/1/items-to-feed/images?imageSlug=/image/1/1.fL4NEraw0Fc7pVJaeRN59Aqy0le9u9hduw.S0DTNzIWBN3ZGr6Qsdr1TYRH_O03nnfDMFtzYBo8tEg,failed,HTTP Error 429: Too Many Requests
CY-60100,1,https://www.avito.ru/autoload/1/items-to-feed/images?imageSlug=/image/1/1.Dj7bu7awotftDCDay7svS9wboNdrEqrdbQ.yxed9rzih415AqR4u-FtK7x1WmhBcSThvt_rA1SMufo,failed,HTTP Error 429: Too Many Requests
CY-70100,1,https://www.avito.ru/autoload/1/items-to-feed/images?imageSlug=/image/1/1.hGYCtbawKI80AqqCBu_OEgUVKo-yHCCFtA.a5ly6SZWHZow7E_pS3upZWnqDO2rx1uQ-8lYcnyvJiY,failed,HTTP Error 429: Too Many Requests
CY-80100,1,https://www.avito.ru/autoload/1/items-to-feed/images?imageSlug=/image/1/1.OWDAFbawlYn2oheEvnVpFce1l4lwvJ2Ddg.kU2K9te-8GCked6-4DV0BQ96uIsw-oB9b3yjzvhJm-o,failed,HTTP Error 429: Too Many Requests
RM-160-Base,1,https://www.avito.ru/autoload/1/items-to-feed/images?imageSlug=/image/1/1.4PpDu7awTBN1DM4eD7y52kUbThPzEkQZ9Q.C4DUmaROKs0qaJ5YgCavoN3e9anSdGMGOIW3GdrCnI4,failed,HTTP Error 429: Too Many Requests
RM-210-Base,1,https://www.avito.ru/autoload/1/items-to-feed/images?imageSlug=/image/1/1.GCTuobawtM3YFjbA0oEmAOgBts1eCLzHWA.GbODso-LbEImDkkqcEL3gr0rSGT3wK0nW0WUkUfraTs,failed,HTTP Error 429: Too Many Requests
JC-16B-B30-01,1,https://ueeshop.ly200-cdn.com/u_file/UPAY/UPAY489/2306/products/28/139639b6dc.jpg,mirrored,https://mne2.ru/catalog/images/external/JC-16B-B30-01_01.jpg
JC-16B-B30-01,2,https://s.alicdn.com/%40sc04/kf/H73ff378851104298846e37f6e87da7dal/10-15Cm-Working-Size-Jc-16B-Digital-Clothes-Logo-Manual-Mark-Heat-Press-Machine.jpg,mirrored,https://mne2.ru/catalog/images/external/JC-16B-B30-01_02.jpg
JC-16B-B30-02,1,https://ueeshop.ly200-cdn.com/u_file/UPAY/UPAY489/2306/products/28/139639b6dc.jpg,mirrored,https://mne2.ru/catalog/images/external/JC-16B-B30-02_01.jpg
JC-16B-B30-02,2,https://s.alicdn.com/%40sc04/kf/H73ff378851104298846e37f6e87da7dal/10-15Cm-Working-Size-Jc-16B-Digital-Clothes-Logo-Manual-Mark-Heat-Press-Machine.jpg,mirrored,https://mne2.ru/catalog/images/external/JC-16B-B30-02_02.jpg
JC-16B-B30-03,1,https://ueeshop.ly200-cdn.com/u_file/UPAY/UPAY489/2306/products/28/139639b6dc.jpg,mirrored,https://mne2.ru/catalog/images/external/JC-16B-B30-03_01.jpg
JC-16B-B30-03,2,https://s.alicdn.com/%40sc04/kf/H73ff378851104298846e37f6e87da7dal/10-15Cm-Working-Size-Jc-16B-Digital-Clothes-Logo-Manual-Mark-Heat-Press-Machine.jpg,mirrored,https://mne2.ru/catalog/images/external/JC-16B-B30-03_02.jpg
JC-1D-B69-01,1,https://ueeshop.ly200-cdn.com/u_file/UPAY/UPAY489/2306/products/30/81a81aecc6.jpg.500x500.jpg,mirrored,https://mne2.ru/catalog/images/external/JC-1D-B69-01_01.jpg
JC-1D-B69-02,1,https://ueeshop.ly200-cdn.com/u_file/UPAY/UPAY489/2306/products/30/81a81aecc6.jpg.500x500.jpg,mirrored,https://mne2.ru/catalog/images/external/JC-1D-B69-02_01.jpg
JC-1D-B69-03,1,https://ueeshop.ly200-cdn.com/u_file/UPAY/UPAY489/2306/products/30/81a81aecc6.jpg.500x500.jpg,mirrored,https://mne2.ru/catalog/images/external/JC-1D-B69-03_01.jpg
JC-1D-B69-04,1,https://ueeshop.ly200-cdn.com/u_file/UPAY/UPAY489/2306/products/30/81a81aecc6.jpg.500x500.jpg,mirrored,https://mne2.ru/catalog/images/external/JC-1D-B69-04_01.jpg
JC-56C-B70-01,1,https://ueeshop.ly200-cdn.com/u_file/UPAY/UPAY489/2306/products/30/64db0bcb5c.jpg,mirrored,https://mne2.ru/catalog/images/external/JC-56C-B70-01_01.jpg
JC-56C-B70-01,2,https://ueeshop.ly200-cdn.com/u_file/UPAY/UPAY489/2306/products/30/934b00cc7c.jpg,mirrored,https://mne2.ru/catalog/images/external/JC-56C-B70-01_02.jpg
JC-56C-B70-01,3,https://ueeshop.ly200-cdn.com/u_file/UPAY/UPAY489/2306/products/30/cab9117ed2.jpg,mirrored,https://mne2.ru/catalog/images/external/JC-56C-B70-01_03.jpg
JC-56C-B70-01,4,https://ueeshop.ly200-cdn.com/u_file/UPAY/UPAY489/2306/products/30/a157e44b16.jpg,mirrored,https://mne2.ru/catalog/images/external/JC-56C-B70-01_04.jpg
JC-56C-B70-01,5,https://ueeshop.ly200-cdn.com/u_file/UPAY/UPAY489/2306/photo/428520939b.jpg,mirrored,https://mne2.ru/catalog/images/external/JC-56C-B70-01_05.jpg
JC-56C-B70-01,6,https://ueeshop.ly200-cdn.com/u_file/UPAY/UPAY489/2306/photo/3615eaf7be.jpg,mirrored,https://mne2.ru/catalog/images/external/JC-56C-B70-01_06.jpg
JC-7E-B54-01,1,https://ueeshop.ly200-cdn.com/u_file/UPAY/UPAY489/2306/photo/19397a3087.jpg,mirrored,https://mne2.ru/catalog/images/external/JC-7E-B54-01_01.jpg
JC-7E-B54-01,2,https://ueeshop.ly200-cdn.com/u_file/UPAY/UPAY489/2306/photo/aeee3301fc.jpg,mirrored,https://mne2.ru/catalog/images/external/JC-7E-B54-01_02.jpg
JC-7E-B54-01,3,https://ueeshop.ly200-cdn.com/u_file/UPAY/UPAY489/2306/photo/bac0941843.jpg,mirrored,https://mne2.ru/catalog/images/external/JC-7E-B54-01_03.jpg
JC-7E-B54-01,4,https://ueeshop.ly200-cdn.com/u_file/UPAY/UPAY489/2306/photo/fdb1f475ad.jpg,mirrored,https://mne2.ru/catalog/images/external/JC-7E-B54-01_04.jpg
JC-7E-B54-01,5,https://ueeshop.ly200-cdn.com/u_file/UPAY/UPAY489/2306/photo/aa7259b3ad.jpg,mirrored,https://mne2.ru/catalog/images/external/JC-7E-B54-01_05.jpg
JC-7E-B54-01,6,https://ueeshop.ly200-cdn.com/u_file/UPAY/UPAY489/2306/photo/c23b6bee06.jpg,mirrored,https://mne2.ru/catalog/images/external/JC-7E-B54-01_06.jpg
JC-7E-B54-02,1,https://ueeshop.ly200-cdn.com/u_file/UPAY/UPAY489/2306/photo/19397a3087.jpg,mirrored,https://mne2.ru/catalog/images/external/JC-7E-B54-02_01.jpg
JC-7E-B54-02,2,https://ueeshop.ly200-cdn.com/u_file/UPAY/UPAY489/2306/photo/aeee3301fc.jpg,mirrored,https://mne2.ru/catalog/images/external/JC-7E-B54-02_02.jpg
JC-7E-B54-02,3,https://ueeshop.ly200-cdn.com/u_file/UPAY/UPAY489/2306/photo/bac0941843.jpg,mirrored,https://mne2.ru/catalog/images/external/JC-7E-B54-02_03.jpg
JC-7E-B54-02,4,https://ueeshop.ly200-cdn.com/u_file/UPAY/UPAY489/2306/photo/fdb1f475ad.jpg,mirrored,https://mne2.ru/catalog/images/external/JC-7E-B54-02_04.jpg
JC-7E-B54-02,5,https://ueeshop.ly200-cdn.com/u_file/UPAY/UPAY489/2306/photo/aa7259b3ad.jpg,mirrored,https://mne2.ru/catalog/images/external/JC-7E-B54-02_05.jpg
JC-7E-B54-02,6,https://ueeshop.ly200-cdn.com/u_file/UPAY/UPAY489/2306/photo/c23b6bee06.jpg,mirrored,https://mne2.ru/catalog/images/external/JC-7E-B54-02_06.jpg
JC-7E-B54-03,1,https://ueeshop.ly200-cdn.com/u_file/UPAY/UPAY489/2306/photo/19397a3087.jpg,mirrored,https://mne2.ru/catalog/images/external/JC-7E-B54-03_01.jpg
JC-7E-B54-03,2,https://ueeshop.ly200-cdn.com/u_file/UPAY/UPAY489/2306/photo/aeee3301fc.jpg,mirrored,https://mne2.ru/catalog/images/external/JC-7E-B54-03_02.jpg
JC-7E-B54-03,3,https://ueeshop.ly200-cdn.com/u_file/UPAY/UPAY489/2306/photo/bac0941843.jpg,mirrored,https://mne2.ru/catalog/images/external/JC-7E-B54-03_03.jpg
JC-7E-B54-03,4,https://ueeshop.ly200-cdn.com/u_file/UPAY/UPAY489/2306/photo/fdb1f475ad.jpg,mirrored,https://mne2.ru/catalog/images/external/JC-7E-B54-03_04.jpg
JC-7E-B54-03,5,https://ueeshop.ly200-cdn.com/u_file/UPAY/UPAY489/2306/photo/aa7259b3ad.jpg,mirrored,https://mne2.ru/catalog/images/external/JC-7E-B54-03_05.jpg
JC-7E-B54-03,6,https://ueeshop.ly200-cdn.com/u_file/UPAY/UPAY489/2306/photo/c23b6bee06.jpg,mirrored,https://mne2.ru/catalog/images/external/JC-7E-B54-03_06.jpg
